material_type,year,month,waste_quantity,sold_out_qty,isSuccessfull,months_to_sell,isSuccessfulMonth,unit_price_lkr,trend_status_code,recommended_unit_price
Blended,2025,12,1060.0,281.0,0,9.2,0,350.98,0,245.24
Chenille,2025,12,1295.0,827.2,1,6.9,1,709.65,1,738.5
Corduroy,2025,12,1838.0,921.3,0,8.5,0,562.86,0,591.78
Cotton,2025,12,1438.0,219.0,0,10.8,0,467.12,0,421.94
Crepe,2025,12,2335.0,934.8,0,8.2,0,553.28,0,433.12
Denim,2025,12,330.0,39.1,0,11.2,0,477.56,0,416.74
Fleece,2025,12,969.0,726.6,1,4.7,1,424.03,1,445.1
Leather,2025,12,1415.0,1405.1,1,4.0,1,1624.7,1,1914.28
Linen,2025,12,1384.0,517.4,0,6.9,0,626.41,0,509.24
Nylon,2025,12,221.0,23.5,0,12.0,0,317.33,0,264.08
Polyester,2025,12,674.0,438.5,1,6.4,1,239.03,1,180.18
Satin,2025,12,2247.0,815.5,1,8.9,0,673.01,0,707.81
Silk,2025,12,1175.0,363.7,0,9.9,0,1171.65,0,1438.87
Terrycloth,2025,12,762.0,338.5,1,8.5,0,398.37,0,463.03
Viscose,2025,12,1467.0,928.9,1,6.9,0,391.4,1,364.4
Wool,2025,12,846.0,214.4,0,9.5,0,869.03,0,880.62
Blended,2025,11,2414.0,270.2,0,12.0,0,329.5,0,285.36
Chenille,2025,11,800.0,775.3,1,3.2,1,664.85,1,603.64
Corduroy,2025,11,441.0,197.1,1,8.7,0,565.15,0,649.16
Cotton,2025,11,1563.0,495.4,0,8.0,0,422.25,0,403.22
Crepe,2025,11,1678.0,1089.0,1,5.8,1,596.03,1,583.82
Denim,2025,11,975.0,127.7,0,11.3,0,475.72,0,376.91
Fleece,2025,11,2453.0,1108.6,1,7.5,0,418.96,0,363.87
Leather,2025,11,1785.0,1242.8,1,5.4,1,1427.24,1,1605.18
Linen,2025,11,1221.0,693.6,0,7.3,1,612.03,1,746.22
Nylon,2025,11,1329.0,811.9,1,5.9,1,321.43,1,237.71
Polyester,2025,11,1700.0,1653.5,1,3.1,1,233.86,1,312.3
Satin,2025,11,1779.0,1682.1,1,3.7,1,627.83,1,798.88
Silk,2025,11,2181.0,2037.0,1,3.0,1,1072.47,1,1536.24
Terrycloth,2025,11,1015.0,399.8,0,10.2,0,387.64,0,378.36
Viscose,2025,11,1475.0,207.5,0,10.4,0,419.21,0,282.49
Wool,2025,11,537.0,314.5,1,8.0,1,868.01,0,928.86
Blended,2025,10,991.0,417.3,0,6.6,0,333.08,0,420.47
Chenille,2025,10,963.0,622.4,1,7.1,1,709.65,1,757.98
Corduroy,2025,10,692.0,157.0,0,9.0,0,613.1,0,429.74
Cotton,2025,10,2262.0,562.7,0,9.6,0,459.07,0,356.09
Crepe,2025,10,1567.0,713.6,0,7.8,1,567.25,0,416.38
Denim,2025,10,1695.0,191.0,0,10.6,0,449.09,0,339.58
Fleece,2025,10,1722.0,1267.7,1,4.7,1,446.35,1,428.04
Leather,2025,10,578.0,96.3,0,9.1,0,1520.34,0,1151.55
Linen,2025,10,2478.0,1699.8,1,4.1,1,550.42,1,478.27
Nylon,2025,10,2382.0,2060.5,1,3.2,1,291.74,1,285.67
Polyester,2025,10,979.0,389.5,0,8.6,0,239.03,0,273.56
Satin,2025,10,702.0,266.7,0,8.5,0,702.19,0,735.15
Silk,2025,10,1951.0,1364.4,1,5.6,0,1015.93,1,1235.08
Terrycloth,2025,10,2095.0,727.5,0,9.0,0,406.72,0,387.87
Viscose,2025,10,1770.0,929.2,1,6.3,1,380.07,0,397.18
Wool,2025,10,1685.0,1455.9,1,4.5,1,873.1,1,914.1
Blended,2025,9,1228.0,743.1,1,5.6,0,359.94,1,291.99
Chenille,2025,9,597.0,325.0,1,7.4,1,628.19,0,722.92
Corduroy,2025,9,592.0,437.8,1,5.4,1,614.24,1,674.13
Cotton,2025,9,1684.0,474.1,0,8.0,0,456.77,0,316.56
Crepe,2025,9,1063.0,715.2,1,6.2,1,660.15,1,770.28
Denim,2025,9,763.0,463.1,1,6.3,1,537.26,1,620.04
Fleece,2025,9,2123.0,1946.4,1,4.4,1,440.26,1,595.09
Leather,2025,9,2478.0,1163.0,0,9.2,1,1556.15,0,1565.21
Linen,2025,9,740.0,226.4,0,9.5,0,575.06,0,551.34
Nylon,2025,9,1383.0,883.7,0,7.4,1,291.74,1,314.72
Polyester,2025,9,2019.0,1891.3,1,2.2,1,227.65,1,304.13
Satin,2025,9,1797.0,1204.1,1,5.7,1,608.07,1,450.14
Silk,2025,9,995.0,819.2,1,4.9,1,1092.86,1,1098.82
Terrycloth,2025,9,1563.0,1411.9,1,4.6,1,381.67,1,428.94
Viscose,2025,9,1554.0,609.0,0,9.2,0,412.0,0,376.83
Wool,2025,9,2238.0,2028.7,1,3.1,1,849.7,1,1209.81
Blended,2025,8,2437.0,485.1,0,11.0,0,327.71,0,237.56
Chenille,2025,8,1600.0,1092.7,1,6.1,1,633.29,1,823.71
Corduroy,2025,8,1172.0,1025.1,1,4.2,1,537.75,1,520.54
Cotton,2025,8,909.0,508.7,1,5.4,0,482.08,1,455.12
Crepe,2025,8,848.0,454.8,1,9.2,0,574.65,0,653.6
Denim,2025,8,1457.0,588.4,0,8.4,0,544.6,0,487.99
Fleece,2025,8,2198.0,552.7,0,8.2,0,452.43,0,449.34
Leather,2025,8,1831.0,1102.8,1,5.9,0,1387.34,1,1134.2
Linen,2025,8,1336.0,211.6,0,11.0,0,567.88,0,589.64
Nylon,2025,8,763.0,245.8,0,9.5,0,322.45,0,358.41
Polyester,2025,8,1836.0,654.3,0,8.5,0,253.52,0,241.96
Satin,2025,8,898.0,582.4,1,6.5,1,683.37,1,648.88
Silk,2025,8,841.0,395.2,0,7.9,0,1160.53,0,788.76
Terrycloth,2025,8,1054.0,369.7,0,9.8,0,388.83,0,446.91
Viscose,2025,8,1861.0,428.8,0,10.8,0,382.13,0,317.75
Wool,2025,8,1907.0,959.2,1,7.1,0,816.12,0,741.41
Blended,2025,7,1933.0,614.4,0,9.6,0,359.94,0,444.43
Chenille,2025,7,1035.0,178.8,0,10.5,0,675.03,0,618.29
Corduroy,2025,7,322.0,102.4,1,8.6,0,554.87,0,552.87
Cotton,2025,7,493.0,212.5,0,8.2,0,428.01,0,577.99
Crepe,2025,7,397.0,182.2,1,9.7,1,597.67,1,607.81
Denim,2025,7,2391.0,2036.6,1,4.7,1,466.54,1,377.31
Fleece,2025,7,1347.0,750.8,1,6.4,1,473.74,1,444.22
Leather,2025,7,1994.0,1259.8,1,8.4,1,1489.65,1,1518.03
Linen,2025,7,2155.0,247.7,0,12.0,0,621.27,0,592.24
Nylon,2025,7,2186.0,1811.2,1,4.0,1,290.72,1,365.83
Polyester,2025,7,1934.0,496.9,0,9.6,0,230.75,0,282.12
Satin,2025,7,2159.0,967.4,0,9.2,0,647.6,0,530.9
Silk,2025,7,840.0,594.8,1,5.2,1,1158.68,1,1416.01
Terrycloth,2025,7,2169.0,2022.0,1,2.7,1,400.76,1,563.17
Viscose,2025,7,1834.0,560.6,0,8.3,0,407.88,0,262.54
Wool,2025,7,2391.0,1997.7,1,5.0,1,869.03,1,1022.82
Blended,2025,6,1216.0,687.0,1,6.6,1,359.94,1,467.58
Chenille,2025,6,1080.0,343.1,0,9.0,0,653.65,0,406.61
Corduroy,2025,6,1527.0,1479.5,1,2.6,1,501.21,1,509.07
Cotton,2025,6,652.0,593.6,1,3.4,1,431.46,1,495.41
Crepe,2025,6,2256.0,791.8,0,9.7,0,541.77,0,362.62
Denim,2025,6,1882.0,1417.8,1,4.5,1,490.42,1,320.98
Fleece,2025,6,2399.0,1113.3,0,8.9,0,420.99,1,432.33
Leather,2025,6,1896.0,1285.2,1,6.6,1,1459.98,1,1519.11
Linen,2025,6,786.0,740.5,1,4.3,1,656.19,1,787.05
Nylon,2025,6,1643.0,1493.0,1,4.3,1,280.48,1,371.33
Polyester,2025,6,453.0,49.0,0,9.7,0,254.55,0,246.0
Satin,2025,6,1696.0,1182.4,1,4.4,1,651.36,1,754.43
Silk,2025,6,2084.0,740.9,0,8.4,0,1011.29,0,600.94
Terrycloth,2025,6,1077.0,639.6,1,5.8,1,388.83,0,549.84
Viscose,2025,6,1156.0,348.9,0,8.0,0,398.61,0,407.44
Wool,2025,6,360.0,41.9,0,11.8,0,865.98,0,563.63
Blended,2025,5,597.0,234.5,0,9.5,1,383.22,0,348.47
Chenille,2025,5,1727.0,1182.4,1,5.5,1,659.76,1,761.31
Corduroy,2025,5,1358.0,1016.9,1,5.3,1,583.41,1,617.27
Cotton,2025,5,659.0,367.7,1,6.5,1,487.83,0,358.78
Crepe,2025,5,669.0,226.6,0,10.8,0,646.17,0,432.37
Denim,2025,5,1893.0,1847.0,1,1.6,1,455.52,1,460.61
Fleece,2025,5,762.0,688.0,1,3.4,1,484.9,1,511.36
Leather,2025,5,2274.0,1854.1,1,3.8,1,1467.14,1,1280.47
Linen,2025,5,997.0,678.6,1,5.5,1,646.95,1,847.78
Nylon,2025,5,1159.0,1017.3,1,3.1,1,326.55,1,469.27
Polyester,2025,5,1015.0,358.0,0,7.1,0,251.45,0,233.37
Satin,2025,5,746.0,590.6,1,4.0,1,617.48,1,747.85
Silk,2025,5,1443.0,754.6,0,6.4,0,1064.13,0,1065.89
Terrycloth,2025,5,1269.0,1171.8,1,2.0,1,412.68,1,454.89
Viscose,2025,5,2346.0,1813.3,1,5.6,1,410.97,1,566.42
Wool,2025,5,501.0,486.0,1,2.3,1,968.76,1,1219.52
Blended,2025,4,899.0,780.1,1,5.1,1,329.5,1,321.78
Chenille,2025,4,390.0,146.3,0,9.5,0,662.81,0,619.99
Corduroy,2025,4,2206.0,753.6,0,9.1,0,535.46,0,517.75
Cotton,2025,4,327.0,142.4,0,7.9,0,439.51,1,425.55
Crepe,2025,4,1958.0,1683.5,1,5.4,1,549.99,1,812.27
Denim,2025,4,1546.0,947.8,0,7.3,1,467.46,1,599.56
Fleece,2025,4,825.0,539.1,1,6.7,1,488.95,1,500.54
Leather,2025,4,1886.0,426.4,0,11.2,0,1417.01,0,1471.04
Linen,2025,4,354.0,129.5,0,8.7,0,618.19,0,551.72
Nylon,2025,4,984.0,850.0,1,3.6,1,317.33,1,412.6
Polyester,2025,4,445.0,188.5,0,7.2,0,253.52,0,242.18
Satin,2025,4,1700.0,623.7,0,9.4,0,673.01,0,799.58
Silk,2025,4,737.0,611.0,1,5.1,1,1194.83,1,1420.67
Terrycloth,2025,4,1120.0,728.4,1,5.6,1,400.76,1,499.21
Viscose,2025,4,1729.0,181.0,0,11.6,0,391.4,0,275.22
Wool,2025,4,235.0,192.3,1,4.1,1,886.33,1,1334.68
Blended,2025,3,599.0,87.3,0,11.0,0,345.61,0,264.58
Chenille,2025,3,2106.0,851.2,0,8.6,0,582.38,0,484.5
Corduroy,2025,3,1315.0,816.6,1,6.2,0,581.13,1,631.74
Cotton,2025,3,2023.0,1255.2,1,6.3,0,437.21,1,365.75
Crepe,2025,3,1053.0,416.3,0,8.0,0,572.19,0,439.16
Denim,2025,3,774.0,761.4,1,2.0,1,487.66,1,533.2
Fleece,2025,3,2397.0,1514.3,1,6.8,1,461.56,1,417.57
Leather,2025,3,1915.0,258.4,0,8.9,0,1397.57,0,1298.54
Linen,2025,3,1277.0,745.0,1,6.6,1,581.22,1,690.07
Nylon,2025,3,1795.0,528.2,0,9.7,0,291.74,0,339.69
Polyester,2025,3,204.0,104.4,1,6.3,1,278.35,1,322.84
Satin,2025,3,973.0,142.6,0,11.8,0,631.6,0,627.02
Silk,2025,3,246.0,179.5,1,5.7,1,1142.92,1,1294.86
Terrycloth,2025,3,468.0,455.2,1,2.9,1,435.34,1,477.78
Viscose,2025,3,1329.0,519.2,0,7.2,0,394.49,0,383.94
Wool,2025,3,856.0,392.9,0,8.6,1,949.42,0,890.08
Blended,2025,2,2010.0,995.1,0,7.4,1,333.08,1,234.19
Chenille,2025,2,2174.0,708.2,0,11.5,0,642.45,0,437.88
Corduroy,2025,2,316.0,54.6,0,10.6,0,583.41,0,554.63
Cotton,2025,2,1350.0,980.6,1,4.8,1,462.52,1,586.4
Crepe,2025,2,1281.0,1183.2,1,4.5,1,576.3,1,695.32
Denim,2025,2,1319.0,783.9,1,6.4,1,532.66,0,505.82
Fleece,2025,2,759.0,200.8,0,10.5,0,443.3,0,269.15
Leather,2025,2,1096.0,1051.5,1,2.4,1,1457.93,1,1232.83
Linen,2025,2,903.0,540.8,1,7.6,1,570.96,0,486.81
Nylon,2025,2,2494.0,356.5,0,10.6,0,295.84,0,306.53
Polyester,2025,2,353.0,148.4,0,9.0,0,265.94,0,158.0
Satin,2025,2,1196.0,248.9,0,8.9,0,608.07,0,584.86
Silk,2025,2,1443.0,204.0,0,11.6,0,1114.18,0,1181.67
Terrycloth,2025,2,1208.0,459.4,0,7.8,1,399.56,0,381.22
Viscose,2025,2,1157.0,848.4,1,5.3,1,421.27,1,351.37
Wool,2025,2,2465.0,1940.0,1,5.2,1,824.26,1,870.87
Blended,2025,1,1835.0,469.5,0,8.8,0,350.98,0,329.15
Chenille,2025,1,1957.0,1340.1,1,4.2,1,617.0,1,554.66
Corduroy,2025,1,1985.0,1298.7,1,7.0,1,579.99,1,694.62
Cotton,2025,1,1831.0,1594.5,1,3.9,1,411.9,1,534.8
Crepe,2025,1,1548.0,1107.7,1,5.8,1,570.54,1,495.68
Denim,2025,1,535.0,362.8,1,6.2,1,473.89,1,522.74
Fleece,2025,1,696.0,612.8,1,2.3,1,487.94,1,494.47
Leather,2025,1,2407.0,2277.5,1,3.1,1,1545.92,1,1028.36
Linen,2025,1,1887.0,1338.7,1,4.5,1,562.74,1,637.22
Nylon,2025,1,1768.0,906.0,1,5.6,1,298.91,0,360.1
Polyester,2025,1,1836.0,1217.9,1,4.9,1,258.69,1,261.43
Satin,2025,1,1640.0,1125.6,1,4.5,1,631.6,1,680.58
Silk,2025,1,1266.0,349.7,0,8.8,0,1117.89,0,949.31
Terrycloth,2025,1,211.0,40.2,0,10.1,0,400.76,0,255.77
Viscose,2025,1,953.0,681.1,1,7.0,1,385.22,1,388.51
Wool,2025,1,975.0,435.7,0,8.0,0,973.84,0,1183.68
Blended,2024,12,1825.0,742.0,0,8.5,0,361.73,0,358.38
Chenille,2024,12,314.0,111.1,0,8.7,0,676.05,0,664.17
Corduroy,2024,12,1025.0,745.2,1,4.9,1,556.01,1,662.06
Cotton,2024,12,612.0,82.8,1,10.8,0,448.72,0,248.8
Crepe,2024,12,928.0,763.9,1,4.0,1,638.78,1,692.19
Denim,2024,12,875.0,227.2,0,9.4,0,537.26,0,577.69
Fleece,2024,12,2439.0,1508.1,1,5.9,1,460.55,0,605.26
Leather,2024,12,1322.0,623.1,0,6.9,0,1603.21,0,1617.9
Linen,2024,12,1177.0,382.5,0,8.5,0,630.52,0,712.02
Nylon,2024,12,2343.0,953.0,0,8.2,0,272.29,0,185.77
Polyester,2024,12,236.0,74.3,0,9.7,0,244.21,0,263.13
Satin,2024,12,1748.0,1338.8,1,3.6,1,665.48,1,696.38
Silk,2024,12,2021.0,1843.8,1,4.0,1,1074.32,1,1205.06
Terrycloth,2024,12,2309.0,1262.8,1,7.1,1,364.97,1,313.07
Viscose,2024,12,928.0,360.1,1,7.5,0,385.22,0,465.63
Wool,2024,12,898.0,170.6,0,10.2,0,940.26,0,912.96
Blended,2024,11,1835.0,201.4,0,10.7,0,313.38,0,293.1
Chenille,2024,11,275.0,115.3,0,10.1,0,626.16,0,610.92
Corduroy,2024,11,2019.0,1928.3,1,4.3,1,546.88,1,509.74
Cotton,2024,11,1050.0,570.9,1,7.4,1,474.03,0,443.87
Crepe,2024,11,343.0,172.7,0,6.9,0,631.38,0,466.66
Denim,2024,11,595.0,235.5,1,8.9,0,483.07,1,321.09
Fleece,2024,11,1692.0,1314.9,1,4.7,1,448.38,1,246.85
Leather,2024,11,1262.0,229.8,0,11.3,0,1470.21,0,1397.29
Linen,2024,11,1265.0,1235.7,1,2.5,1,598.68,1,680.81
Nylon,2024,11,833.0,414.3,0,8.1,0,319.38,0,356.38
Polyester,2024,11,1438.0,850.3,1,6.2,0,264.9,1,294.1
Satin,2024,11,950.0,217.3,0,10.5,0,695.6,0,682.12
Silk,2024,11,1153.0,756.8,1,6.4,1,1140.14,1,1420.44
Terrycloth,2024,11,1742.0,842.2,1,7.7,0,400.76,1,367.28
Viscose,2024,11,1391.0,230.2,0,9.6,0,385.22,0,327.84
Wool,2024,11,1417.0,245.4,0,10.3,0,896.51,0,855.68
Blended,2024,10,1645.0,1625.2,1,3.1,1,327.71,1,390.6
Chenille,2024,10,1719.0,1507.3,1,2.2,1,602.74,1,613.61
Corduroy,2024,10,1565.0,1301.3,1,5.4,1,583.41,1,465.23
Cotton,2024,10,710.0,651.0,1,4.2,1,452.17,1,546.32
Crepe,2024,10,1524.0,1185.7,1,4.4,1,622.33,1,695.19
Denim,2024,10,2010.0,1606.9,1,3.6,1,489.5,1,749.61
Fleece,2024,10,290.0,93.9,0,8.3,0,477.8,0,342.29
Leather,2024,10,238.0,116.9,1,7.5,1,1535.69,0,1089.1
Linen,2024,10,372.0,41.0,0,11.3,0,623.33,0,622.72
Nylon,2024,10,1443.0,886.5,1,5.9,1,307.1,1,261.75
Polyester,2024,10,1883.0,389.7,0,10.0,0,233.86,0,244.27
Satin,2024,10,1028.0,864.0,1,4.9,1,682.43,1,810.28
Silk,2024,10,2158.0,1664.8,1,4.4,1,1019.63,1,1040.32
Terrycloth,2024,10,389.0,179.0,1,5.6,1,385.25,0,452.48
Viscose,2024,10,1731.0,618.2,0,7.9,0,400.67,0,313.17
Wool,2024,10,1023.0,588.8,0,7.6,1,869.03,1,916.74
Blended,2024,9,1340.0,1295.6,1,3.4,1,383.22,1,319.73
Chenille,2024,9,884.0,860.0,1,3.7,1,709.65,1,761.69
Corduroy,2024,9,2052.0,801.1,0,7.7,0,578.85,0,492.73
Cotton,2024,9,279.0,160.4,1,8.0,0,451.02,1,274.78
Crepe,2024,9,402.0,372.7,1,5.3,1,568.9,1,694.45
Denim,2024,9,1899.0,1136.5,1,6.7,1,512.46,1,702.88
Fleece,2024,9,1755.0,294.6,0,10.3,0,429.1,0,315.32
Leather,2024,9,2294.0,1528.9,1,6.8,1,1566.38,1,2003.42
Linen,2024,9,1749.0,638.5,0,7.2,0,628.46,0,522.35
Nylon,2024,9,1596.0,1160.7,1,5.3,1,308.12,1,364.89
Polyester,2024,9,670.0,94.4,0,9.9,0,250.41,0,230.63
Satin,2024,9,1235.0,1189.1,1,2.9,1,646.66,1,1018.33
Silk,2024,9,1167.0,531.1,0,8.4,0,1174.43,0,1059.56
Terrycloth,2024,9,867.0,348.6,1,9.0,0,405.53,0,331.3
Viscose,2024,9,1345.0,362.2,0,10.6,0,390.37,0,411.34
Wool,2024,9,289.0,129.9,0,6.4,1,923.98,0,893.75
Blended,2024,8,739.0,125.6,0,9.0,0,383.22,0,297.95
Chenille,2024,8,240.0,80.1,0,9.5,0,682.16,0,750.69
Corduroy,2024,8,2146.0,1563.0,1,6.0,1,548.02,1,666.32
Cotton,2024,8,1128.0,530.3,1,7.3,0,430.31,1,347.74
Crepe,2024,8,1124.0,247.1,0,10.8,0,628.09,0,475.57
Denim,2024,8,589.0,562.4,1,4.7,1,544.6,1,587.4
Fleece,2024,8,455.0,283.5,1,5.4,1,430.12,1,238.49
Leather,2024,8,2144.0,1021.4,1,5.9,1,1462.03,0,1429.53
Linen,2024,8,997.0,876.8,1,4.8,1,653.11,1,806.01
Nylon,2024,8,1076.0,267.2,0,9.8,0,319.38,0,287.89
Polyester,2024,8,1215.0,533.2,0,7.0,1,266.97,0,264.91
Satin,2024,8,2393.0,2365.6,1,2.1,1,646.66,1,624.59
Silk,2024,8,2424.0,1064.3,0,7.7,0,1032.61,0,1286.99
Terrycloth,2024,8,262.0,118.9,0,7.2,1,403.14,0,450.8
Viscose,2024,8,888.0,758.8,1,3.9,1,432.6,1,588.2
Wool,2024,8,1833.0,244.0,0,9.8,0,912.79,0,1040.04
Blended,2024,7,710.0,245.7,1,7.6,0,379.64,0,360.68
Chenille,2024,7,717.0,518.1,1,5.9,1,705.57,1,844.39
Corduroy,2024,7,1868.0,1862.3,1,2.5,1,543.45,1,634.0
Cotton,2024,7,1660.0,1040.2,1,6.5,0,437.21,1,458.03
Crepe,2024,7,913.0,789.5,1,3.9,1,646.17,1,848.54
Denim,2024,7,1368.0,433.6,0,8.4,0,517.05,0,581.78
Fleece,2024,7,2101.0,685.6,0,10.7,0,447.36,0,318.93
Leather,2024,7,884.0,570.7,1,6.7,1,1607.31,1,1706.56
Linen,2024,7,1669.0,1486.1,1,4.7,1,622.3,1,473.7
Nylon,2024,7,687.0,450.9,1,6.8,1,298.91,1,284.52
Polyester,2024,7,2342.0,473.6,0,9.1,0,241.1,0,164.23
Satin,2024,7,2401.0,1316.6,1,6.5,1,585.48,0,596.07
Silk,2024,7,637.0,506.5,1,4.4,1,1126.23,1,1571.28
Terrycloth,2024,7,467.0,389.8,1,4.1,1,386.44,1,413.09
Viscose,2024,7,435.0,263.1,1,7.2,0,409.94,1,368.43
Wool,2024,7,962.0,445.5,0,8.2,0,921.95,0,739.97
Blended,2024,6,823.0,437.9,0,7.4,1,345.61,1,336.0
Chenille,2024,6,1452.0,955.8,1,5.9,1,670.96,1,432.85
Corduroy,2024,6,777.0,640.7,1,5.0,1,527.47,1,593.09
Cotton,2024,6,2350.0,523.4,0,8.9,0,404.99,0,244.03
Crepe,2024,6,963.0,946.1,1,2.1,1,648.64,1,605.25
Denim,2024,6,1529.0,964.7,1,5.9,0,469.3,0,543.44
Fleece,2024,6,1558.0,769.2,1,6.7,1,407.8,0,437.34
Leather,2024,6,646.0,486.9,1,4.6,1,1539.78,1,1842.27
Linen,2024,6,1558.0,711.8,0,8.3,0,611.0,0,545.84
Nylon,2024,6,958.0,547.2,0,7.1,1,292.77,1,211.63
Polyester,2024,6,2328.0,2222.2,1,3.4,1,250.41,1,214.1
Satin,2024,6,337.0,314.7,1,3.6,1,615.6,1,701.47
Silk,2024,6,1553.0,1230.0,1,6.3,1,980.7,1,1315.24
Terrycloth,2024,6,268.0,263.2,1,3.5,1,419.84,1,482.83
Viscose,2024,6,2300.0,949.1,0,8.1,0,393.46,0,359.38
Wool,2024,6,2373.0,1590.1,1,5.8,1,889.38,1,828.74
Blended,2024,5,2106.0,1228.9,1,6.5,1,352.78,1,312.45
Chenille,2024,5,2342.0,1078.0,1,7.9,0,677.07,0,563.37
Corduroy,2024,5,2135.0,1444.9,1,6.5,1,543.45,1,562.06
Cotton,2024,5,559.0,406.3,1,4.9,1,447.56,1,392.7
Crepe,2024,5,2087.0,1098.9,1,6.8,1,613.29,0,729.76
Denim,2024,5,292.0,284.9,1,3.0,1,486.74,1,564.84
Fleece,2024,5,260.0,71.0,0,7.8,0,452.43,0,382.09
Leather,2024,5,1228.0,504.2,0,8.5,0,1431.33,0,1377.61
Linen,2024,5,881.0,228.5,0,10.5,0,568.9,0,614.04
Nylon,2024,5,1628.0,966.8,1,7.1,1,313.24,1,403.87
Polyester,2024,5,2480.0,1042.6,1,8.8,0,258.69,0,218.02
Satin,2024,5,2168.0,1199.1,1,6.3,0,645.72,1,702.14
Silk,2024,5,2036.0,792.9,0,8.2,0,1040.95,0,985.23
Terrycloth,2024,5,2496.0,1330.4,1,7.5,1,375.71,0,400.14
Viscose,2024,5,2461.0,427.2,0,10.8,0,369.77,0,349.53
Wool,2024,5,306.0,284.2,1,3.7,1,879.21,1,793.01
Blended,2024,4,536.0,187.2,0,9.4,0,361.73,0,285.66
Chenille,2024,4,1480.0,260.6,0,9.5,0,684.19,0,454.06
Corduroy,2024,4,2090.0,556.1,0,9.9,0,556.01,0,649.22
Cotton,2024,4,502.0,217.6,0,7.2,0,444.11,1,423.28
Crepe,2024,4,925.0,289.1,0,7.7,0,661.79,0,603.75
Denim,2024,4,227.0,98.1,1,9.1,0,524.4,0,561.29
Fleece,2024,4,564.0,88.0,0,9.5,0,460.55,0,292.52
Leather,2024,4,1535.0,337.4,0,9.5,0,1483.51,0,1060.65
Linen,2024,4,1226.0,1110.4,1,4.2,1,607.92,1,627.94
Nylon,2024,4,1974.0,251.5,0,11.2,0,279.46,0,354.07
Polyester,2024,4,2106.0,670.2,0,8.1,0,240.07,0,167.65
Satin,2024,4,1854.0,814.9,0,7.7,0,651.36,0,651.56
Silk,2024,4,913.0,554.7,1,6.5,1,1026.12,0,1153.64
Terrycloth,2024,4,1496.0,434.3,0,11.2,0,392.41,0,407.35
Viscose,2024,4,325.0,67.5,0,10.9,0,382.13,0,358.25
Wool,2024,4,2392.0,977.5,0,8.9,0,805.94,0,939.45
Blended,2024,3,2272.0,1615.8,1,6.1,1,359.94,1,413.87
Chenille,2024,3,2356.0,1252.5,1,8.5,1,649.58,0,641.46
Corduroy,2024,3,2475.0,1443.9,1,7.0,1,540.03,1,553.91
Cotton,2024,3,2281.0,1373.1,0,7.7,1,409.6,1,403.35
Crepe,2024,3,1741.0,1583.8,1,2.9,1,585.34,1,488.71
Denim,2024,3,1961.0,627.4,0,9.1,0,477.56,0,590.95
Fleece,2024,3,1076.0,427.5,0,8.4,0,432.15,0,514.5
Leather,2024,3,1512.0,161.5,0,11.2,0,1442.59,0,1141.23
Linen,2024,3,1933.0,828.9,1,9.3,1,576.09,0,521.08
Nylon,2024,3,1830.0,274.7,0,10.7,0,296.86,0,242.72
Polyester,2024,3,1360.0,234.2,0,10.0,0,263.87,0,151.37
Satin,2024,3,442.0,51.5,0,10.4,0,610.89,0,413.38
Silk,2024,3,428.0,421.2,1,2.2,1,1090.08,1,1436.61
Terrycloth,2024,3,1446.0,1311.4,1,3.6,1,425.8,1,401.56
Viscose,2024,3,667.0,648.7,1,4.3,1,412.0,1,354.78
Wool,2024,3,203.0,21.3,0,9.6,0,967.74,0,888.15
Blended,2024,2,317.0,105.3,0,8.5,0,367.1,0,238.43
Chenille,2024,2,2221.0,1558.7,1,5.8,1,594.6,1,607.21
Corduroy,2024,2,1046.0,608.3,0,5.8,1,532.04,0,450.01
Cotton,2024,2,1658.0,1417.1,1,3.4,1,447.56,1,547.06
Crepe,2024,2,1868.0,501.3,0,8.2,0,541.77,0,378.68
Denim,2024,2,1341.0,992.1,1,3.3,1,512.46,1,579.09
Fleece,2024,2,731.0,232.6,0,7.5,0,488.95,0,296.47
Leather,2024,2,758.0,558.3,1,3.8,1,1553.08,1,1741.15
Linen,2024,2,1773.0,1104.8,1,4.6,1,575.06,1,496.1
Nylon,2024,2,338.0,317.3,1,3.4,1,314.26,1,391.03
Polyester,2024,2,2226.0,1412.4,1,5.5,1,244.21,1,306.34
Satin,2024,2,1101.0,443.6,0,7.2,0,663.6,0,711.75
Silk,2024,2,209.0,124.1,1,6.4,1,1191.12,1,1646.03
Terrycloth,2024,2,1873.0,1856.1,1,1.2,1,388.83,1,444.42
Viscose,2024,2,2260.0,1618.4,1,4.8,1,420.24,1,370.24
Wool,2024,2,1542.0,1100.0,1,5.0,1,926.02,1,1188.61
Blended,2024,1,2194.0,1153.7,1,7.0,1,324.12,1,298.45
Chenille,2024,1,2238.0,1823.7,1,4.8,1,585.43,1,661.86
Corduroy,2024,1,1318.0,1234.4,1,3.8,1,534.32,1,648.8
Cotton,2024,1,435.0,203.4,1,8.3,1,424.55,1,400.11
Crepe,2024,1,2108.0,1597.4,1,5.5,1,547.52,1,588.31
Denim,2024,1,1770.0,1652.8,1,3.6,1,494.09,1,623.02
Fleece,2024,1,2055.0,1650.9,1,5.4,1,403.74,1,401.79
Leather,2024,1,1072.0,831.3,1,4.6,1,1490.67,1,1163.08
Linen,2024,1,1514.0,375.2,0,10.7,0,617.17,0,600.25
Nylon,2024,1,2252.0,702.9,0,9.2,0,269.22,0,430.1
Polyester,2024,1,277.0,158.1,1,5.6,0,272.14,0,308.05
Satin,2024,1,331.0,127.3,0,8.9,0,636.3,0,608.15
Silk,2024,1,1265.0,573.3,0,8.5,0,1044.66,0,967.91
Terrycloth,2024,1,2063.0,1021.6,1,7.1,0,409.1,0,445.7
Viscose,2024,1,2088.0,1613.7,1,4.0,1,399.64,1,342.18
Wool,2024,1,2392.0,2175.8,1,4.6,1,922.96,1,888.66
Blended,2023,12,702.0,406.2,1,6.5,1,372.47,1,382.61
Chenille,2023,12,1020.0,934.1,1,4.1,1,694.37,1,760.37
Corduroy,2023,12,2170.0,1059.8,0,7.9,0,522.9,0,400.28
Cotton,2023,12,1402.0,562.8,0,8.3,0,436.06,0,427.49
Crepe,2023,12,1671.0,417.8,0,9.1,0,609.18,0,561.0
Denim,2023,12,1846.0,1214.8,1,7.1,1,503.28,1,619.81
Fleece,2023,12,2235.0,1714.9,1,5.6,1,467.65,1,618.21
Leather,2023,12,2404.0,568.6,0,10.7,0,1437.47,0,1057.76
Linen,2023,12,1320.0,971.9,1,5.4,1,603.82,1,866.06
Nylon,2023,12,1477.0,419.6,0,9.8,0,320.4,0,322.4
Polyester,2023,12,2057.0,1617.2,1,4.8,1,239.03,1,208.9
Satin,2023,12,1341.0,1125.3,1,5.7,1,704.08,1,845.77
Silk,2023,12,1014.0,873.9,1,3.5,1,1176.29,1,1381.5
Terrycloth,2023,12,2463.0,1585.1,1,4.6,1,392.41,1,423.82
Viscose,2023,12,2262.0,1849.3,1,4.3,1,406.85,1,392.43
Wool,2023,12,2294.0,1073.7,0,7.8,1,905.66,0,739.08
Blended,2023,11,329.0,36.5,0,9.9,0,334.87,0,182.07
Chenille,2023,11,2155.0,1268.1,1,6.5,0,668.92,0,730.89
Corduroy,2023,11,2034.0,1300.0,1,5.5,1,542.31,1,685.64
Cotton,2023,11,1883.0,496.1,0,9.5,0,460.22,0,438.68
Crepe,2023,11,2065.0,843.1,0,9.1,0,568.9,0,416.4
Denim,2023,11,911.0,438.4,1,7.8,0,537.26,0,405.05
Fleece,2023,11,545.0,519.1,1,2.6,1,448.38,1,509.35
Leather,2023,11,2465.0,1547.1,1,5.6,1,1343.34,1,1502.23
Linen,2023,11,1184.0,391.2,0,10.6,0,656.19,0,788.79
Nylon,2023,11,1839.0,1627.4,1,5.4,1,272.29,1,331.53
Polyester,2023,11,555.0,514.4,1,1.7,1,251.45,1,170.78
Satin,2023,11,2063.0,1415.7,1,5.6,1,671.13,1,820.0
Silk,2023,11,803.0,350.9,1,8.6,0,1192.97,0,1584.12
Terrycloth,2023,11,2128.0,1025.1,1,8.8,1,400.76,0,306.51
Viscose,2023,11,1630.0,343.2,0,10.0,0,399.64,0,409.27
Wool,2023,11,1836.0,1811.0,1,3.0,1,862.93,1,968.23
Blended,2023,10,1845.0,493.9,0,9.4,0,329.5,0,302.76
Chenille,2023,10,2054.0,781.1,1,7.9,0,611.9,0,694.98
Corduroy,2023,10,1135.0,734.5,1,7.0,1,586.84,1,624.17
Cotton,2023,10,1532.0,615.4,0,8.8,0,454.47,0,358.14
Crepe,2023,10,316.0,203.3,1,4.7,1,645.35,1,847.42
Denim,2023,10,774.0,366.1,1,8.9,0,528.07,0,450.13
Fleece,2023,10,1825.0,1693.4,1,4.1,1,405.77,1,480.78
Leather,2023,10,585.0,303.7,0,6.9,0,1533.64,0,1563.37
Linen,2023,10,674.0,514.8,1,4.0,1,573.01,1,656.13
Nylon,2023,10,1138.0,147.4,0,10.3,0,309.14,0,280.73
Polyester,2023,10,962.0,218.2,0,9.8,0,256.62,0,198.12
Satin,2023,10,863.0,534.9,1,5.9,1,699.37,0,688.59
Silk,2023,10,1403.0,669.3,1,7.6,1,1085.45,1,1373.88
Terrycloth,2023,10,2079.0,790.7,0,7.8,0,372.13,0,341.72
Viscose,2023,10,484.0,301.3,1,5.7,1,388.31,1,274.59
Wool,2023,10,861.0,256.7,0,9.0,0,954.51,0,614.83
Blended,2023,9,1692.0,953.7,1,5.3,1,347.4,1,388.69
Chenille,2023,9,1048.0,1011.3,1,2.2,1,620.05,1,683.88
Corduroy,2023,9,888.0,534.2,0,6.5,0,533.18,1,352.7
Cotton,2023,9,541.0,95.7,0,9.8,0,475.18,0,399.7
Crepe,2023,9,1924.0,511.8,0,9.1,0,545.88,0,550.39
Denim,2023,9,526.0,334.5,1,6.6,1,530.83,1,557.94
Fleece,2023,9,1189.0,921.4,1,4.6,1,471.71,1,574.69
Leather,2023,9,922.0,382.1,0,7.6,0,1432.36,0,1266.41
Linen,2023,9,628.0,276.3,1,7.1,0,575.06,0,454.56
Nylon,2023,9,2265.0,825.9,0,9.1,0,314.26,0,259.4
Polyester,2023,9,1594.0,809.7,0,8.0,0,241.1,0,243.32
Satin,2023,9,393.0,228.3,1,6.8,1,645.72,0,739.91
Silk,2023,9,1336.0,615.5,1,8.2,0,1167.94,0,943.17
Terrycloth,2023,9,1901.0,1499.5,1,5.3,1,424.61,1,529.31
Viscose,2023,9,254.0,241.7,1,2.6,1,443.93,1,572.22
Wool,2023,9,999.0,344.7,0,9.0,0,952.47,0,1013.73
Blended,2023,8,2101.0,1205.8,1,4.9,1,333.08,1,308.48
Chenille,2023,8,2334.0,2289.7,1,3.3,1,586.45,1,476.4
Corduroy,2023,8,2023.0,1505.9,1,4.4,1,566.29,1,472.81
Cotton,2023,8,1032.0,615.6,1,7.3,1,464.82,0,522.71
Crepe,2023,8,2058.0,633.8,0,8.4,0,578.76,0,599.55
Denim,2023,8,1990.0,234.3,0,12.0,0,510.62,0,502.36
Fleece,2023,8,1487.0,281.8,0,10.4,0,428.09,0,367.52
Leather,2023,8,2343.0,2319.2,1,3.4,1,1455.89,1,1926.06
Linen,2023,8,1511.0,1314.8,1,4.7,1,539.12,1,454.41
Nylon,2023,8,651.0,618.4,1,2.8,1,305.05,1,418.4
Polyester,2023,8,381.0,108.4,0,8.2,0,240.07,0,292.58
Satin,2023,8,1022.0,926.6,1,3.8,1,618.42,1,873.3
Silk,2023,8,2254.0,1510.0,1,5.7,1,991.83,1,855.71
Terrycloth,2023,8,2398.0,2070.2,1,4.1,1,405.53,1,424.82
Viscose,2023,8,1114.0,696.0,1,5.7,1,428.48,1,362.13
Wool,2023,8,281.0,253.9,1,3.2,1,928.05,1,979.45
Blended,2023,7,2139.0,860.5,1,7.1,0,365.31,0,335.34
Chenille,2023,7,1609.0,686.6,0,8.8,0,615.98,0,750.2
Corduroy,2023,7,595.0,504.3,1,4.6,1,551.45,1,768.04
Cotton,2023,7,1004.0,470.3,1,8.4,0,487.83,0,587.88
Crepe,2023,7,1957.0,834.6,0,7.6,0,559.85,0,786.76
Denim,2023,7,1276.0,465.8,0,8.0,0,542.77,0,583.98
Fleece,2023,7,1723.0,1683.5,1,2.5,1,399.68,1,393.11
Leather,2023,7,1587.0,358.8,0,11.2,0,1567.41,0,1381.83
Linen,2023,7,2306.0,2087.2,1,3.3,1,542.2,1,680.55
Nylon,2023,7,327.0,86.3,0,10.3,0,326.55,0,318.69
Polyester,2023,7,720.0,423.0,1,6.3,1,259.73,1,280.18
Satin,2023,7,436.0,201.6,1,9.1,0,710.67,0,801.24
Silk,2023,7,1981.0,1348.2,1,4.8,1,984.41,1,1196.3
Terrycloth,2023,7,2251.0,493.1,0,8.4,0,399.56,0,349.48
Viscose,2023,7,2276.0,579.3,0,8.3,0,421.27,0,421.78
Wool,2023,7,1004.0,117.0,0,11.7,0,918.89,0,822.55
Blended,2023,6,2375.0,489.2,0,9.6,0,347.4,0,355.86
Chenille,2023,6,1579.0,865.7,1,7.0,0,648.56,1,667.11
Corduroy,2023,6,2281.0,1365.8,1,6.0,1,538.89,1,402.97
Cotton,2023,6,1601.0,1197.8,1,5.6,1,446.41,1,482.96
Crepe,2023,6,541.0,120.7,0,9.9,0,624.8,0,507.08
Denim,2023,6,845.0,641.3,1,6.2,1,537.26,1,613.99
Fleece,2023,6,1972.0,1377.5,1,4.4,1,401.71,1,511.23
Leather,2023,6,654.0,402.8,1,6.0,1,1480.44,1,1524.43
Linen,2023,6,901.0,510.9,1,4.5,1,660.3,1,713.59
Nylon,2023,6,1799.0,752.9,0,8.1,0,310.17,0,358.04
Polyester,2023,6,2045.0,1562.9,1,4.5,1,244.21,1,289.13
Satin,2023,6,1594.0,511.4,0,7.8,0,638.19,0,594.11
Silk,2023,6,348.0,297.0,1,5.7,1,1072.47,1,1121.76
Terrycloth,2023,6,2258.0,948.6,0,8.2,0,376.9,0,270.25
Viscose,2023,6,1336.0,1001.2,1,5.7,1,409.94,1,361.97
Wool,2023,6,1533.0,810.1,1,7.4,1,849.7,1,727.71
Blended,2023,5,957.0,212.0,0,10.9,0,363.52,0,357.76
Chenille,2023,5,1512.0,518.5,0,9.7,0,586.45,0,470.19
Corduroy,2023,5,950.0,319.2,0,8.4,0,614.24,0,682.25
Cotton,2023,5,1962.0,1682.2,1,6.2,1,471.73,1,493.37
Crepe,2023,5,564.0,134.9,0,8.8,0,636.31,0,462.19
Denim,2023,5,2448.0,1943.3,1,3.6,1,483.07,1,604.92
Fleece,2023,5,1240.0,584.7,0,7.6,0,442.29,1,440.9
Leather,2023,5,260.0,187.1,1,6.2,1,1611.4,1,1489.05
Linen,2023,5,1262.0,212.4,0,10.2,0,634.62,0,514.48
Nylon,2023,5,1452.0,148.3,0,10.0,0,290.72,0,307.96
Polyester,2023,5,1658.0,571.9,0,9.7,0,261.8,0,207.46
Satin,2023,5,1836.0,334.9,0,10.3,0,657.95,0,582.11
Silk,2023,5,1240.0,1184.5,1,3.0,1,1192.05,1,1188.72
Terrycloth,2023,5,1720.0,458.6,0,8.9,0,411.49,0,368.24
Viscose,2023,5,1541.0,1483.0,1,3.1,1,398.61,1,294.72
Wool,2023,5,538.0,408.3,1,6.0,1,903.63,1,965.72
Blended,2023,4,1950.0,1465.8,1,6.5,1,363.52,1,295.31
Chenille,2023,4,1423.0,462.0,0,8.8,0,700.48,0,678.54
Corduroy,2023,4,1312.0,894.8,1,4.8,1,529.75,1,399.66
Cotton,2023,4,688.0,653.4,1,3.8,1,425.7,1,416.76
Crepe,2023,4,246.0,34.4,0,11.0,0,604.25,0,530.92
Denim,2023,4,1239.0,1155.6,1,3.2,1,529.91,1,719.73
Fleece,2023,4,2017.0,1232.7,1,8.3,1,467.65,0,549.93
Leather,2023,4,449.0,171.3,0,8.5,0,1448.73,0,1115.65
Linen,2023,4,534.0,388.6,1,6.0,1,625.38,1,524.68
Nylon,2023,4,1721.0,825.4,0,7.5,0,286.62,0,279.2
Polyester,2023,4,1700.0,895.5,1,7.7,0,263.87,1,257.86
Satin,2023,4,1189.0,177.6,0,10.9,0,694.66,0,613.36
Silk,2023,4,601.0,342.7,1,7.6,1,1172.58,1,1321.64
Terrycloth,2023,4,814.0,108.5,0,10.8,0,415.07,0,333.59
Viscose,2023,4,1382.0,591.8,0,6.4,0,406.85,0,366.23
Wool,2023,4,2435.0,1297.7,0,7.4,0,838.5,0,799.78
Blended,2023,3,330.0,239.8,1,4.2,1,333.08,1,373.22
Chenille,2023,3,382.0,177.3,0,7.6,0,700.48,0,712.19
Corduroy,2023,3,238.0,91.3,0,8.6,0,599.4,0,595.52
Cotton,2023,3,1572.0,1093.3,1,6.0,1,471.73,1,530.86
Crepe,2023,3,215.0,104.1,1,8.6,0,665.91,0,653.9
Denim,2023,3,1331.0,412.2,0,10.0,0,509.7,0,594.35
Fleece,2023,3,510.0,263.0,0,7.5,1,475.77,0,404.27
Leather,2023,3,745.0,88.8,0,10.4,0,1644.14,0,1431.52
Linen,2023,3,958.0,255.7,0,9.4,0,651.05,0,519.24
Nylon,2023,3,1497.0,1414.9,1,3.4,1,294.81,1,455.4
Polyester,2023,3,2114.0,2110.1,1,1.6,1,244.21,1,287.19
Satin,2023,3,228.0,180.2,1,5.3,1,619.36,1,449.77
Silk,2023,3,444.0,236.1,0,6.0,1,1192.97,1,1440.03
Terrycloth,2023,3,471.0,417.5,1,3.1,1,424.61,1,451.53
Viscose,2023,3,1462.0,670.3,1,6.4,1,394.49,0,348.84
Wool,2023,3,1120.0,451.1,0,8.7,0,941.28,0,882.9
Blended,2023,2,539.0,411.7,1,5.2,1,365.31,1,419.88
Chenille,2023,2,2250.0,1171.3,0,7.3,1,613.94,1,635.71
Corduroy,2023,2,575.0,206.1,1,7.5,0,535.46,0,344.88
Cotton,2023,2,345.0,107.0,0,9.3,0,472.88,0,581.03
Crepe,2023,2,631.0,73.3,0,11.8,0,618.22,0,410.37
Denim,2023,2,2198.0,1066.0,0,6.5,1,500.52,0,579.24
Fleece,2023,2,1163.0,344.7,0,10.0,0,457.51,0,388.09
Leather,2023,2,2241.0,1833.6,1,4.0,1,1539.78,1,1614.21
Linen,2023,2,1138.0,716.6,1,5.6,1,621.27,0,712.72
Nylon,2023,2,1006.0,896.6,1,3.7,1,310.17,1,340.96
Polyester,2023,2,1525.0,977.1,1,5.6,1,260.76,1,302.81
Satin,2023,2,1285.0,837.9,1,5.9,1,648.54,1,676.44
Silk,2023,2,971.0,299.6,0,7.8,0,1047.44,0,1187.23
Terrycloth,2023,2,1533.0,991.8,1,6.0,1,366.17,1,365.2
Viscose,2023,2,1589.0,488.8,0,9.8,0,407.88,0,329.28
Wool,2023,2,425.0,189.4,0,7.8,1,933.14,0,935.79
Blended,2023,1,1136.0,304.2,0,9.7,0,370.68,0,388.04
Chenille,2023,1,2111.0,876.3,0,7.2,0,599.69,0,508.59
Corduroy,2023,1,1996.0,1330.9,1,5.9,1,510.34,1,660.3
Cotton,2023,1,926.0,829.1,1,2.1,1,424.55,1,354.34
Crepe,2023,1,1243.0,1237.3,1,2.8,1,601.78,1,621.7
Denim,2023,1,1796.0,600.2,0,8.7,0,486.74,0,412.55
Fleece,2023,1,1049.0,762.0,1,7.3,1,448.38,1,510.11
Leather,2023,1,359.0,185.6,1,6.6,1,1519.32,0,1455.42
Linen,2023,1,980.0,295.4,0,10.8,0,656.19,0,626.26
Nylon,2023,1,2230.0,293.0,0,11.4,0,284.58,0,350.83
Polyester,2023,1,779.0,484.6,1,4.8,1,259.73,1,380.05
Satin,2023,1,1490.0,1325.7,1,4.5,1,689.02,1,751.51
Silk,2023,1,1187.0,627.9,1,6.2,0,1093.79,0,920.34
Terrycloth,2023,1,1418.0,1361.4,1,3.4,1,425.8,1,471.13
Viscose,2023,1,1555.0,205.1,0,11.1,0,414.06,0,323.22
Wool,2023,1,1686.0,1162.9,1,5.4,1,932.12,1,696.94
Blended,2022,12,1618.0,288.5,0,10.5,0,320.54,0,206.15
Chenille,2022,12,1183.0,387.3,0,9.5,0,706.59,0,941.09
Corduroy,2022,12,237.0,79.1,0,8.5,0,569.71,0,617.62
Cotton,2022,12,1399.0,764.3,0,8.6,1,442.96,1,454.29
Crepe,2022,12,653.0,630.7,1,3.9,1,612.47,1,540.69
Denim,2022,12,1911.0,1366.2,1,6.3,1,517.05,1,627.65
Fleece,2022,12,792.0,123.0,0,10.3,0,455.48,0,443.14
Leather,2022,12,1524.0,811.6,0,7.4,0,1418.03,0,1426.02
Linen,2022,12,2362.0,1989.3,1,3.6,1,597.66,1,629.83
Nylon,2022,12,1791.0,1246.4,1,6.0,1,279.46,1,378.62
Polyester,2022,12,2287.0,1393.1,0,7.0,1,228.68,1,260.88
Satin,2022,12,1972.0,1499.7,1,5.4,1,589.24,1,822.32
Silk,2022,12,2339.0,2024.5,1,4.0,1,993.68,1,1207.7
Terrycloth,2022,12,1904.0,762.8,0,7.9,0,374.52,0,316.39
Viscose,2022,12,1916.0,1364.4,1,6.6,1,368.74,1,366.6
Wool,2022,12,899.0,218.2,0,8.8,0,936.19,0,1137.83
Blended,2022,11,756.0,668.8,1,2.3,1,340.24,1,352.25
Chenille,2022,11,1254.0,1057.4,1,4.9,1,645.5,1,743.08
Corduroy,2022,11,1774.0,434.1,0,9.1,0,576.56,0,638.6
Cotton,2022,11,788.0,438.7,0,7.0,1,457.92,0,567.46
Crepe,2022,11,494.0,135.3,0,10.7,0,633.02,0,584.05
Denim,2022,11,1748.0,1145.3,1,5.6,1,454.6,1,374.02
Fleece,2022,11,1336.0,806.8,1,6.5,1,434.17,1,542.43
Leather,2022,11,559.0,186.6,0,8.3,0,1422.12,0,1232.54
Linen,2022,11,899.0,97.2,0,11.0,0,583.28,0,582.59
Nylon,2022,11,874.0,188.4,0,9.8,0,295.84,0,218.04
Polyester,2022,11,785.0,383.9,1,7.5,1,245.24,1,230.23
Satin,2022,11,1193.0,486.4,0,8.9,0,615.6,0,641.71
Silk,2022,11,771.0,201.7,0,9.1,0,1044.66,0,1107.16
Terrycloth,2022,11,2284.0,439.1,0,11.3,0,393.6,0,349.36
Viscose,2022,11,1419.0,363.8,0,8.0,0,392.43,0,270.5
Wool,2022,11,683.0,110.0,0,10.9,0,895.49,0,1031.76
Blended,2022,10,930.0,232.3,0,10.6,0,358.15,0,315.8
Chenille,2022,10,1117.0,824.0,1,4.4,1,682.16,1,630.21
Corduroy,2022,10,221.0,145.6,1,5.4,1,528.61,1,564.77
Cotton,2022,10,2457.0,2172.9,1,3.7,1,457.92,1,496.49
Crepe,2022,10,903.0,639.7,1,5.9,1,628.91,1,587.19
Denim,2022,10,962.0,208.8,0,10.0,0,471.13,0,433.06
Fleece,2022,10,1230.0,195.6,0,9.6,0,483.88,0,410.59
Leather,2022,10,2326.0,1946.6,1,3.8,1,1556.15,1,2012.32
Linen,2022,10,769.0,77.6,0,12.0,0,573.01,0,543.2
Nylon,2022,10,1653.0,862.3,1,8.2,0,281.51,0,261.18
Polyester,2022,10,715.0,345.7,0,8.8,1,271.11,0,250.0
Satin,2022,10,238.0,136.7,1,7.8,1,685.25,1,702.93
Silk,2022,10,2404.0,886.0,0,8.2,0,1002.95,0,967.65
Terrycloth,2022,10,2023.0,352.3,0,9.2,0,378.09,0,476.08
Viscose,2022,10,1173.0,360.2,0,8.1,0,403.76,0,390.01
Wool,2022,10,1762.0,1552.8,1,3.5,1,868.01,1,886.09
Blended,2022,9,1188.0,1127.7,1,2.3,1,365.31,1,439.57
Chenille,2022,9,1068.0,720.6,1,5.4,1,647.54,1,634.59
Corduroy,2022,9,1882.0,652.7,0,10.9,0,538.89,0,469.15
Cotton,2022,9,1610.0,613.0,0,9.0,0,454.47,0,500.43
Crepe,2022,9,769.0,695.7,1,3.6,1,570.54,1,745.34
Denim,2022,9,2180.0,611.1,0,8.1,0,461.03,0,423.78
Fleece,2022,9,992.0,737.5,1,5.4,1,471.71,1,487.53
Leather,2022,9,2455.0,1445.8,0,6.8,1,1550.01,1,1436.66
Linen,2022,9,1283.0,342.5,0,9.9,0,617.17,0,675.64
Nylon,2022,9,1880.0,342.3,0,11.2,0,292.77,0,253.29
Polyester,2022,9,719.0,570.8,1,4.1,1,242.14,1,220.14
Satin,2022,9,2235.0,259.4,0,10.7,0,620.3,0,656.57
Silk,2022,9,548.0,119.5,0,10.4,0,1117.89,0,769.68
Terrycloth,2022,9,892.0,821.2,1,4.1,1,400.76,1,375.06
Viscose,2022,9,577.0,377.9,1,5.6,1,396.55,1,482.12
Wool,2022,9,726.0,387.2,1,8.1,1,897.52,0,984.65
Blended,2022,8,2453.0,1566.2,1,5.5,1,313.38,1,376.85
Chenille,2022,8,1459.0,470.9,0,10.0,0,642.45,0,592.44
Corduroy,2022,8,720.0,201.9,0,8.3,0,544.6,0,603.7
Cotton,2022,8,1216.0,297.6,0,9.2,0,447.56,0,311.9
Crepe,2022,8,1213.0,477.1,0,9.0,0,578.76,0,744.74
Denim,2022,8,1567.0,767.7,0,6.2,0,509.7,0,504.36
Fleece,2022,8,1287.0,656.0,1,7.4,1,463.59,1,480.29
Leather,2022,8,271.0,140.4,1,6.2,1,1578.66,1,1574.41
Linen,2022,8,2213.0,1003.0,0,9.0,0,612.03,0,410.31
Nylon,2022,8,1589.0,1552.8,1,1.9,1,291.74,1,297.84
Polyester,2022,8,365.0,132.3,0,10.1,0,241.1,0,296.46
Satin,2022,8,1524.0,1190.8,1,4.9,1,629.72,1,824.32
Silk,2022,8,1615.0,1214.2,1,4.1,1,1071.54,1,964.14
Terrycloth,2022,8,1776.0,564.5,0,9.2,0,412.68,0,379.83
Viscose,2022,8,1895.0,220.8,0,10.8,0,387.28,0,322.66
Wool,2022,8,1533.0,1006.2,1,4.5,1,818.15,1,933.43
Blended,2022,7,913.0,728.8,1,6.5,1,345.61,1,411.17
Chenille,2022,7,201.0,116.7,1,5.5,1,647.54,0,743.24
Corduroy,2022,7,1968.0,817.8,0,6.9,0,554.87,0,682.85
Cotton,2022,7,2363.0,997.2,0,8.1,0,441.81,0,429.38
Crepe,2022,7,2441.0,2391.5,1,1.5,1,572.19,1,679.09
Denim,2022,7,289.0,208.2,1,4.7,1,544.6,1,577.26
Fleece,2022,7,305.0,76.5,0,10.1,0,464.61,0,342.86
Leather,2022,7,1528.0,1461.4,1,3.2,1,1396.55,1,1591.56
Linen,2022,7,516.0,379.7,1,3.4,1,577.12,1,547.25
Nylon,2022,7,2470.0,1450.3,0,7.1,1,275.36,0,294.88
Polyester,2022,7,915.0,808.7,1,3.6,1,248.34,1,356.79
Satin,2022,7,1913.0,1267.9,1,6.9,0,592.06,1,735.04
Silk,2022,7,1307.0,530.0,0,8.3,0,1056.71,0,756.65
Terrycloth,2022,7,450.0,241.2,0,6.7,1,403.14,0,445.75
Viscose,2022,7,658.0,595.7,1,4.4,1,390.37,1,400.52
Wool,2022,7,1099.0,700.9,1,5.9,1,973.84,1,1003.34
Blended,2022,6,221.0,112.1,1,7.0,0,334.87,1,367.0
Chenille,2022,6,714.0,97.6,0,10.3,0,664.85,0,629.66
Corduroy,2022,6,1073.0,530.9,1,6.4,0,562.86,1,583.24
Cotton,2022,6,2334.0,1599.4,1,6.0,1,470.58,1,558.01
Crepe,2022,6,1760.0,1556.9,1,5.1,1,549.17,1,553.39
Denim,2022,6,2369.0,938.4,0,8.5,0,472.05,0,470.75
Fleece,2022,6,949.0,382.6,1,7.8,0,490.98,0,331.79
Leather,2022,6,2127.0,1881.6,1,4.5,1,1542.85,1,1665.85
Linen,2022,6,894.0,124.5,0,11.1,0,646.95,0,700.55
Nylon,2022,6,2189.0,1635.8,1,4.8,1,280.48,1,332.52
Polyester,2022,6,511.0,499.4,1,2.7,1,245.24,1,217.42
Satin,2022,6,1937.0,896.7,0,8.1,0,642.89,0,493.04
Silk,2022,6,644.0,106.2,0,11.4,0,1188.34,0,1003.73
Terrycloth,2022,6,2182.0,618.0,0,10.4,0,400.76,0,540.4
Viscose,2022,6,1102.0,569.0,0,7.2,0,417.15,0,510.35
Wool,2022,6,1948.0,1469.7,1,5.4,1,839.52,1,775.58
Blended,2022,5,603.0,401.5,1,6.7,1,374.26,1,238.48
Chenille,2022,5,1587.0,1255.2,1,3.9,1,597.65,1,764.76
Corduroy,2022,5,1912.0,1075.7,1,5.1,1,527.47,0,570.21
Cotton,2022,5,1473.0,1108.8,1,3.6,1,454.47,1,444.09
Crepe,2022,5,1641.0,1335.2,1,4.9,1,586.16,1,585.54
Denim,2022,5,494.0,172.5,0,10.1,0,483.99,0,515.5
Fleece,2022,5,1594.0,566.6,0,10.1,0,406.79,0,500.14
Leather,2022,5,836.0,242.1,0,9.6,0,1562.29,0,1524.67
Linen,2022,5,729.0,487.3,1,6.2,1,595.6,1,533.38
Nylon,2022,5,993.0,739.0,1,7.6,1,311.19,1,225.81
Polyester,2022,5,1822.0,1219.4,1,4.8,1,231.79,1,208.04
Satin,2022,5,725.0,706.3,1,2.9,1,657.01,1,624.61
Silk,2022,5,574.0,270.8,0,9.3,0,1117.89,0,725.88
Terrycloth,2022,5,752.0,242.5,0,9.5,0,387.64,0,365.08
Viscose,2022,5,2051.0,952.7,0,8.6,1,381.1,0,441.44
Wool,2022,5,213.0,120.0,1,6.0,1,861.91,0,979.0
Blended,2022,4,2208.0,1537.6,1,4.6,1,316.96,1,371.92
Chenille,2022,4,1037.0,712.3,1,5.9,1,713.72,1,534.11
Corduroy,2022,4,2240.0,1028.5,0,7.3,0,526.33,0,381.53
Cotton,2022,4,1452.0,157.0,0,11.3,0,483.23,0,509.94
Crepe,2022,4,1672.0,1331.1,1,3.7,1,563.14,1,414.3
Denim,2022,4,500.0,156.7,0,10.2,0,519.81,0,500.16
Fleece,2022,4,829.0,209.6,0,10.7,0,475.77,0,443.46
Leather,2022,4,2193.0,1105.1,1,8.7,0,1480.44,0,1826.02
Linen,2022,4,1061.0,245.3,0,9.0,0,613.06,0,490.53
Nylon,2022,4,2380.0,770.7,0,11.2,0,287.65,0,146.96
Polyester,2022,4,1906.0,1817.8,1,4.0,1,240.07,1,216.44
Satin,2022,4,775.0,328.1,0,8.4,0,704.08,0,720.61
Silk,2022,4,1507.0,200.4,0,11.4,0,1112.33,0,1216.63
Terrycloth,2022,4,2156.0,907.8,0,6.9,0,425.8,0,400.89
Viscose,2022,4,2412.0,1938.3,1,4.2,1,367.71,1,453.69
Wool,2022,4,1855.0,1530.6,1,3.4,1,902.61,1,668.32
Blended,2022,3,2403.0,2109.3,1,5.5,1,363.52,1,560.47
Chenille,2022,3,2125.0,606.2,0,8.7,0,596.63,0,514.78
Corduroy,2022,3,1156.0,151.2,0,10.4,0,530.9,0,508.04
Cotton,2022,3,1168.0,675.2,1,7.1,1,477.48,0,564.69
Crepe,2022,3,1243.0,182.1,0,10.5,0,623.98,0,415.9
Denim,2022,3,2366.0,715.1,0,9.9,0,506.03,0,489.55
Fleece,2022,3,1282.0,493.0,0,9.3,0,430.12,0,282.37
Leather,2022,3,1208.0,756.5,1,5.6,1,1607.31,1,1464.12
Linen,2022,3,1235.0,288.4,0,9.3,0,586.36,0,707.84
Nylon,2022,3,2489.0,2410.9,1,4.5,1,276.39,1,361.87
Polyester,2022,3,325.0,310.9,1,4.0,1,245.24,1,254.53
Satin,2022,3,1408.0,875.9,1,6.3,1,691.84,1,752.8
Silk,2022,3,1118.0,782.8,1,4.5,1,1141.99,1,649.01
Terrycloth,2022,3,1861.0,701.9,1,8.4,0,398.37,0,420.38
Viscose,2022,3,1559.0,1474.6,1,3.1,1,382.13,1,303.67
Wool,2022,3,1091.0,770.3,1,4.9,1,970.79,1,1257.36
Blended,2022,2,328.0,248.5,1,5.2,1,352.78,1,256.68
Chenille,2022,2,1581.0,1393.4,1,1.6,1,660.78,1,676.49
Corduroy,2022,2,285.0,94.0,0,8.0,0,565.15,0,487.52
Cotton,2022,2,1342.0,1275.1,1,4.0,1,451.02,1,379.36
Crepe,2022,2,2193.0,253.9,0,9.4,0,582.05,0,484.44
Denim,2022,2,502.0,308.0,1,7.3,1,489.5,0,548.32
Fleece,2022,2,787.0,158.8,0,11.2,0,474.75,0,536.74
Leather,2022,2,544.0,392.0,1,5.8,1,1535.69,1,1501.98
Linen,2022,2,1510.0,1046.4,1,5.9,1,560.69,1,699.72
Nylon,2022,2,1527.0,1047.7,1,4.9,1,310.17,1,278.36
Polyester,2022,2,1209.0,779.2,1,5.4,1,253.52,0,253.51
Satin,2022,2,774.0,758.1,1,2.0,1,663.6,1,933.65
Silk,2022,2,1312.0,1159.4,1,4.2,1,1184.63,1,1473.75
Terrycloth,2022,2,688.0,136.4,0,9.6,0,425.8,0,352.36
Viscose,2022,2,693.0,646.6,1,3.7,1,386.25,1,404.06
Wool,2022,2,218.0,180.3,1,4.9,1,979.95,1,923.83
Blended,2022,1,1200.0,462.6,0,9.8,0,365.31,0,363.3
Chenille,2022,1,1588.0,1327.6,1,4.6,1,611.9,1,715.01
Corduroy,2022,1,1567.0,575.4,0,9.1,0,511.49,0,306.73
Cotton,2022,1,654.0,68.8,0,10.6,0,482.08,0,569.75
Crepe,2022,1,910.0,552.5,1,6.6,1,628.09,1,466.1
Denim,2022,1,1696.0,1080.1,1,8.2,1,482.15,1,446.86
Fleece,2022,1,935.0,407.6,1,6.9,0,484.9,0,404.46
Leather,2022,1,2163.0,244.9,0,10.6,0,1525.46,0,1119.77
Linen,2022,1,1161.0,600.4,1,6.6,1,582.25,0,475.24
Nylon,2022,1,1226.0,721.0,1,6.6,1,297.88,0,266.32
Polyester,2022,1,1673.0,888.8,1,5.9,1,235.93,1,223.06
Satin,2022,1,1377.0,272.7,0,11.7,0,684.31,0,562.3
Silk,2022,1,1356.0,622.3,0,6.1,0,1028.9,0,1259.04
Terrycloth,2022,1,1963.0,1270.3,1,5.5,1,400.76,1,345.86
Viscose,2022,1,1143.0,679.5,1,6.7,0,429.51,1,395.52
Wool,2022,1,1090.0,620.3,0,6.6,0,970.79,1,1054.77
Blended,2021,12,220.0,60.8,0,9.3,0,349.19,0,272.38
Chenille,2021,12,1214.0,1101.2,1,4.7,1,695.39,1,941.11
Corduroy,2021,12,1347.0,1292.0,1,3.5,1,535.46,1,553.84
Cotton,2021,12,2027.0,1893.9,1,3.9,1,461.37,1,460.78
Crepe,2021,12,523.0,492.1,1,4.7,1,579.58,1,714.51
Denim,2021,12,669.0,184.0,0,8.8,0,496.85,0,410.97
Fleece,2021,12,1557.0,836.6,1,7.5,1,454.46,0,523.48
Leather,2021,12,572.0,203.9,0,8.2,0,1448.73,0,872.67
Linen,2021,12,1892.0,1556.6,1,4.0,1,559.66,1,952.17
Nylon,2021,12,1871.0,711.3,0,7.7,0,301.98,0,300.7
Polyester,2021,12,1643.0,1225.5,1,6.2,1,254.55,1,249.44
Satin,2021,12,2337.0,490.1,0,11.0,0,640.07,0,692.86
Silk,2021,12,1486.0,1059.5,1,5.6,1,1146.63,1,971.44
Terrycloth,2021,12,2406.0,1776.0,1,5.5,1,399.56,1,478.34
Viscose,2021,12,644.0,213.1,0,8.2,0,395.52,0,374.02
Wool,2021,12,235.0,113.3,1,7.4,1,893.45,0,906.68
Blended,2021,11,1998.0,1666.7,1,3.6,1,322.33,1,408.26
Chenille,2021,11,1395.0,194.0,0,10.8,0,704.56,0,648.49
Corduroy,2021,11,1585.0,318.7,0,10.6,0,549.16,0,581.47
Cotton,2021,11,2388.0,1531.8,1,6.5,1,430.31,1,436.78
Crepe,2021,11,1500.0,1343.7,1,4.6,1,612.47,1,545.19
Denim,2021,11,720.0,491.0,1,5.2,1,540.93,1,433.76
Fleece,2021,11,1183.0,555.9,1,8.2,0,431.13,0,485.35
Leather,2021,11,1860.0,1702.5,1,3.4,1,1478.4,1,1813.75
Linen,2021,11,2399.0,1003.0,0,7.6,0,586.36,0,580.53
Nylon,2021,11,1058.0,849.0,1,4.5,1,312.22,1,264.67
Polyester,2021,11,249.0,188.9,1,5.7,1,239.03,1,234.79
Satin,2021,11,345.0,272.5,1,3.0,1,698.43,1,875.7
Silk,2021,11,1662.0,1043.6,1,5.1,0,1129.94,1,848.97
Terrycloth,2021,11,1784.0,1361.5,1,4.0,1,400.76,1,484.2
Viscose,2021,11,830.0,482.9,1,5.9,0,425.39,1,417.87
Wool,2021,11,861.0,104.4,0,9.9,0,977.91,0,743.49
Blended,2021,10,1187.0,339.0,0,9.3,0,370.68,0,389.8
Chenille,2021,10,1746.0,539.1,0,8.8,0,593.58,0,502.34
Corduroy,2021,10,1300.0,825.5,1,4.6,1,577.71,1,903.95
Cotton,2021,10,1120.0,1107.7,1,3.2,1,468.27,1,540.85
Crepe,2021,10,2026.0,1291.3,1,7.1,1,578.76,0,483.54
Denim,2021,10,1777.0,862.5,0,7.8,0,497.77,0,547.55
Fleece,2021,10,1198.0,487.6,0,7.4,0,487.94,0,501.41
Leather,2021,10,1803.0,1355.7,1,5.4,1,1557.17,1,1583.75
Linen,2021,10,1390.0,1105.6,1,5.7,1,611.0,1,605.06
Nylon,2021,10,1964.0,1777.0,1,4.3,1,273.32,1,261.35
Polyester,2021,10,2122.0,978.4,0,8.9,0,264.9,0,361.41
Satin,2021,10,1576.0,479.1,0,8.9,0,659.84,0,725.08
Silk,2021,10,907.0,451.8,1,6.0,0,1045.59,1,1162.24
Terrycloth,2021,10,1155.0,947.5,1,4.4,1,446.08,1,445.42
Viscose,2021,10,359.0,210.4,0,7.3,1,436.72,1,619.23
Wool,2021,10,1935.0,1327.0,1,6.6,1,873.1,1,1077.13
Blended,2021,9,257.0,102.7,0,7.7,0,363.52,0,399.47
Chenille,2021,9,1353.0,1345.9,1,3.8,1,650.59,1,813.14
Corduroy,2021,9,1432.0,1426.2,1,3.4,1,529.75,1,609.6
Cotton,2021,9,1694.0,878.7,1,7.1,1,425.7,0,452.63
Crepe,2021,9,861.0,521.8,1,6.4,1,646.17,0,596.54
Denim,2021,9,2068.0,1388.6,1,7.1,1,441.74,1,523.96
Fleece,2021,9,1216.0,308.2,0,10.4,0,444.32,0,455.76
Leather,2021,9,832.0,698.6,1,4.3,1,1510.11,1,2011.86
Linen,2021,9,856.0,317.4,0,6.3,0,620.25,0,520.47
Nylon,2021,9,1879.0,834.8,0,7.9,0,311.19,0,267.59
Polyester,2021,9,547.0,534.3,1,4.2,1,252.48,1,298.12
Satin,2021,9,829.0,823.4,1,3.4,1,642.89,1,832.64
Silk,2021,9,1471.0,861.9,1,8.4,1,1154.97,1,1306.52
Terrycloth,2021,9,485.0,275.9,0,8.1,0,413.88,1,443.72
Viscose,2021,9,655.0,510.7,1,4.5,1,393.46,1,379.15
Wool,2021,9,1723.0,1271.4,1,5.2,1,862.93,1,1065.65
Blended,2021,8,680.0,207.1,0,10.9,0,338.45,0,338.81
Chenille,2021,8,1801.0,797.5,1,9.6,0,596.63,0,403.56
Corduroy,2021,8,2210.0,696.5,0,8.6,0,542.31,0,518.58
Cotton,2021,8,2066.0,1741.1,1,3.1,1,431.46,1,345.39
Crepe,2021,8,1925.0,967.3,0,5.7,0,624.8,0,901.56
Denim,2021,8,510.0,125.2,0,9.8,0,494.09,0,536.19
Fleece,2021,8,605.0,331.1,1,8.3,1,462.58,0,470.46
Leather,2021,8,541.0,330.0,1,7.3,1,1567.41,1,1837.81
Linen,2021,8,443.0,127.4,0,9.3,0,567.88,0,474.72
Nylon,2021,8,760.0,155.6,0,9.1,0,315.29,0,262.86
Polyester,2021,8,793.0,527.5,1,6.4,1,245.24,0,221.66
Satin,2021,8,1893.0,1418.4,1,6.2,1,672.07,1,788.56
Silk,2021,8,1147.0,959.9,1,3.7,1,1050.22,1,1503.34
Terrycloth,2021,8,598.0,276.7,1,7.8,1,411.49,0,326.64
Viscose,2021,8,329.0,99.1,0,9.0,0,384.19,0,397.97
Wool,2021,8,2011.0,1238.2,1,7.3,1,939.25,1,1332.36
Blended,2021,7,465.0,390.7,1,4.1,1,358.15,1,403.56
Chenille,2021,7,992.0,527.2,1,7.1,1,671.97,0,668.52
Corduroy,2021,7,1512.0,1406.9,1,4.5,1,504.64,1,600.07
Cotton,2021,7,2005.0,451.7,0,10.8,0,454.47,0,330.23
Crepe,2021,7,1021.0,864.2,1,3.7,1,587.81,1,760.18
Denim,2021,7,2160.0,1820.2,1,2.4,1,510.62,1,513.18
Fleece,2021,7,1876.0,808.1,0,7.1,0,412.87,0,403.77
Leather,2021,7,1163.0,257.8,0,10.6,0,1458.96,0,1075.06
Linen,2021,7,1803.0,310.1,0,10.3,0,542.2,0,578.75
Nylon,2021,7,327.0,160.0,1,7.7,0,306.07,1,345.6
Polyester,2021,7,742.0,412.2,1,7.3,0,261.8,0,261.09
Satin,2021,7,1881.0,658.3,0,9.4,0,582.65,0,587.55
Silk,2021,7,589.0,59.1,0,12.0,0,1161.46,0,907.87
Terrycloth,2021,7,242.0,159.1,1,4.9,1,413.88,1,288.03
Viscose,2021,7,1283.0,549.5,1,8.0,1,414.06,0,538.54
Wool,2021,7,1740.0,1396.7,1,7.3,1,861.91,1,809.62
Blended,2021,6,841.0,450.9,1,7.5,1,352.78,1,454.94
Chenille,2021,6,889.0,135.1,0,12.0,0,667.9,0,590.7
Corduroy,2021,6,1279.0,470.2,0,8.6,0,538.89,0,507.61
Cotton,2021,6,1182.0,372.6,0,9.6,0,437.21,0,424.53
Crepe,2021,6,1322.0,221.0,0,8.8,0,651.93,0,568.77
Denim,2021,6,1379.0,514.3,0,7.3,0,540.93,0,413.43
Fleece,2021,6,1082.0,281.3,0,9.3,0,447.36,0,272.23
Leather,2021,6,599.0,93.5,0,11.2,0,1478.4,0,1378.96
Linen,2021,6,1995.0,1989.1,1,2.8,1,598.68,1,640.03
Nylon,2021,6,2348.0,1534.9,1,6.3,1,287.65,1,356.76
Polyester,2021,6,1019.0,261.2,0,9.3,0,239.03,0,223.53
Satin,2021,6,619.0,355.5,1,5.2,1,622.19,1,778.84
Silk,2021,6,1708.0,1533.7,1,2.6,1,1092.86,1,1307.25
Terrycloth,2021,6,1797.0,1237.5,1,5.0,1,406.72,1,370.94
Viscose,2021,6,2402.0,1135.5,0,7.9,1,361.53,1,493.66
Wool,2021,6,1749.0,453.3,0,8.7,0,831.38,0,753.77
Blended,2021,5,2244.0,1778.1,1,4.3,1,325.91,1,411.44
Chenille,2021,5,585.0,128.9,0,9.7,0,680.12,0,651.67
Corduroy,2021,5,2493.0,2022.6,1,4.0,1,500.07,1,600.0
Cotton,2021,5,2111.0,1228.1,1,6.9,0,409.6,0,377.74
Crepe,2021,5,2312.0,904.3,1,7.9,0,614.11,0,507.94
Denim,2021,5,2209.0,700.4,0,9.2,0,455.52,0,473.81
Fleece,2021,5,2220.0,2139.2,1,3.6,1,444.32,1,665.67
Leather,2021,5,363.0,157.6,1,9.2,0,1470.21,0,1295.58
Linen,2021,5,696.0,412.8,0,6.6,1,577.12,0,830.19
Nylon,2021,5,902.0,495.6,1,8.2,1,294.81,1,411.84
Polyester,2021,5,1991.0,374.9,0,8.8,0,254.55,0,248.67
Satin,2021,5,1931.0,1695.8,1,3.7,1,661.72,1,868.25
Silk,2021,5,823.0,628.5,1,5.1,1,1170.73,1,1042.43
Terrycloth,2021,5,1968.0,1284.5,1,5.3,1,390.02,1,477.07
Viscose,2021,5,2148.0,1103.0,1,6.9,1,401.7,0,345.19
Wool,2021,5,2268.0,2178.6,1,2.9,1,829.34,1,762.5
Blended,2021,4,304.0,58.3,0,10.6,0,345.61,0,360.82
Chenille,2021,4,592.0,561.5,1,4.4,1,703.54,1,829.03
Corduroy,2021,4,771.0,130.1,0,10.4,0,526.33,0,450.97
Cotton,2021,4,1320.0,1131.0,1,4.0,1,429.16,1,418.04
Crepe,2021,4,2479.0,1277.5,0,4.7,0,558.21,0,571.44
Denim,2021,4,914.0,499.0,1,8.4,1,466.54,1,489.0
Fleece,2021,4,975.0,883.0,1,3.8,1,433.16,1,482.36
Leather,2021,4,2447.0,744.5,0,8.7,0,1477.37,0,1075.71
Linen,2021,4,1055.0,943.4,1,4.0,1,607.92,1,623.39
Nylon,2021,4,1639.0,1621.7,1,4.1,1,310.17,1,274.44
Polyester,2021,4,2334.0,1662.3,1,4.6,1,258.69,1,268.71
Satin,2021,4,286.0,213.0,1,5.2,1,641.95,1,614.13
Silk,2021,4,607.0,118.3,0,9.3,0,1069.69,0,879.18
Terrycloth,2021,4,1868.0,1041.8,0,7.0,1,388.83,1,391.22
Viscose,2021,4,431.0,180.1,1,7.8,0,418.18,0,298.66
Wool,2021,4,565.0,560.7,1,1.3,1,882.26,1,968.49
Blended,2021,3,635.0,506.2,1,4.9,1,365.31,1,503.68
Chenille,2021,3,762.0,195.6,0,8.8,0,652.63,0,826.06
Corduroy,2021,3,1484.0,882.5,1,6.1,1,575.42,1,619.27
Cotton,2021,3,2237.0,1762.6,1,5.4,1,432.61,1,540.39
Crepe,2021,3,1773.0,309.1,0,10.4,0,566.43,0,381.84
Denim,2021,3,1446.0,1162.9,1,4.8,1,540.93,1,443.1
Fleece,2021,3,559.0,370.2,1,6.1,1,475.77,1,525.0
Leather,2021,3,1162.0,243.1,0,10.3,0,1446.68,0,1318.2
Linen,2021,3,1813.0,294.3,0,9.0,0,620.25,0,680.94
Nylon,2021,3,416.0,240.1,1,6.5,1,306.07,0,267.59
Polyester,2021,3,389.0,352.5,1,3.6,1,275.25,1,290.18
Satin,2021,3,2001.0,1638.5,1,3.0,1,656.07,1,748.15
Silk,2021,3,851.0,448.4,0,6.9,0,1099.35,0,1108.56
Terrycloth,2021,3,969.0,621.8,1,7.0,1,385.25,1,428.21
Viscose,2021,3,1916.0,1778.6,1,4.8,1,376.98,1,411.69
Wool,2021,3,1511.0,989.5,1,7.2,1,876.15,1,870.32
Blended,2021,2,1449.0,311.9,0,10.1,0,365.31,0,322.69
Chenille,2021,2,982.0,196.1,0,10.2,0,636.34,0,526.58
Corduroy,2021,2,2430.0,450.8,0,10.4,0,511.49,0,493.71
Cotton,2021,2,687.0,335.9,1,6.6,1,484.38,0,278.3
Crepe,2021,2,2371.0,1066.4,1,8.7,1,631.38,0,579.64
Denim,2021,2,2203.0,461.2,0,9.8,0,482.15,0,279.08
Fleece,2021,2,885.0,98.6,0,12.0,0,432.15,0,407.45
Leather,2021,2,2369.0,1976.6,1,4.3,1,1404.73,1,1637.19
Linen,2021,2,238.0,205.1,1,3.5,1,568.9,1,676.22
Nylon,2021,2,1456.0,858.5,0,6.0,1,327.57,1,427.89
Polyester,2021,2,2396.0,1867.8,1,4.2,1,230.75,1,180.23
Satin,2021,2,2127.0,1645.0,1,3.9,1,633.48,1,716.6
Silk,2021,2,862.0,595.3,1,6.6,1,1072.47,1,1118.27
Terrycloth,2021,2,2450.0,950.7,0,8.8,0,399.56,0,357.38
Viscose,2021,2,861.0,849.1,1,3.5,1,422.3,1,368.09
Wool,2021,2,969.0,211.8,0,9.6,0,963.67,0,1026.04
Blended,2021,1,662.0,120.9,0,11.0,0,342.03,0,312.3
Chenille,2021,1,1686.0,936.2,1,7.5,0,579.32,0,558.58
Corduroy,2021,1,287.0,117.1,0,7.2,0,537.75,0,375.72
Cotton,2021,1,1924.0,1479.7,1,5.6,1,464.82,1,466.67
Crepe,2021,1,1853.0,1127.6,1,7.2,1,620.69,1,527.09
Denim,2021,1,1253.0,1110.1,1,3.2,1,513.38,1,585.44
Fleece,2021,1,1504.0,1180.7,1,4.7,1,440.26,1,491.79
Leather,2021,1,561.0,337.9,0,7.0,0,1575.59,1,1502.94
Linen,2021,1,2376.0,1823.7,1,4.9,1,554.53,1,502.14
Nylon,2021,1,2123.0,401.8,0,10.3,0,311.19,0,273.71
Polyester,2021,1,1447.0,1290.5,1,4.9,1,255.59,1,250.1
Satin,2021,1,1628.0,1236.9,1,3.8,1,614.65,1,456.46
Silk,2021,1,1122.0,806.8,0,7.4,1,1116.04,1,1312.81
Terrycloth,2021,1,1616.0,967.7,1,6.4,1,367.36,1,375.79
Viscose,2021,1,2481.0,1947.3,1,4.4,1,370.8,1,470.54
Wool,2021,1,2456.0,270.0,0,8.7,0,903.63,0,907.71
